Datetime,Water Level (m)
2025-12-14 18:00:00,-0.21572115
2025-12-14 19:00:00,-0.315162
2025-12-14 20:00:00,-0.3903664
2025-12-14 21:00:00,-0.4400471
2025-12-14 22:00:00,-0.41951343
2025-12-14 23:00:00,-0.24182577
2025-12-15 00:00:00,0.017873669
2025-12-15 01:00:00,0.18593729
2025-12-15 02:00:00,0.22019829
2025-12-15 03:00:00,0.15104614
2025-12-15 04:00:00,-0.028223233
2025-12-15 05:00:00,-0.2338245
2025-12-15 06:00:00,-0.39393708
2025-12-15 07:00:00,-0.52339846
2025-12-15 08:00:00,-0.6300163
2025-12-15 09:00:00,-0.70907927
2025-12-15 10:00:00,-0.6930784
2025-12-15 11:00:00,-0.41711763
2025-12-15 12:00:00,-0.07957686
2025-12-15 13:00:00,0.16582926
2025-12-15 14:00:00,0.30063125
2025-12-15 15:00:00,0.33605158
2025-12-15 16:00:00,0.29491735
2025-12-15 17:00:00,0.15217973
2025-12-15 18:00:00,-0.058095578
2025-12-15 19:00:00,-0.23173845
2025-12-15 20:00:00,-0.35398656
2025-12-15 21:00:00,-0.44069394
2025-12-15 22:00:00,-0.49741322
2025-12-15 23:00:00,-0.4800941
2025-12-16 00:00:00,-0.2528883
2025-12-16 01:00:00,0.03500346
2025-12-16 02:00:00,0.19440918
2025-12-16 03:00:00,0.20960765
2025-12-16 04:00:00,0.1176706
2025-12-16 05:00:00,-0.07042017
2025-12-16 06:00:00,-0.27406302
2025-12-16 07:00:00,-0.43528837
2025-12-16 08:00:00,-0.5664831
2025-12-16 09:00:00,-0.6741597
2025-12-16 10:00:00,-0.75131655
2025-12-16 11:00:00,-0.7128231
2025-12-16 12:00:00,-0.35084197
2025-12-16 13:00:00,0.0033796441
2025-12-16 14:00:00,0.24707796
2025-12-16 15:00:00,0.3746343
2025-12-16 16:00:00,0.39726526
2025-12-16 17:00:00,0.32196626
2025-12-16 18:00:00,0.13821253
2025-12-16 19:00:00,-0.08608815
2025-12-16 20:00:00,-0.25732496
2025-12-16 21:00:00,-0.37699723
2025-12-16 22:00:00,-0.4684224
2025-12-16 23:00:00,-0.5396309
2025-12-17 00:00:00,-0.52809167
2025-12-17 01:00:00,-0.26310673
2025-12-17 02:00:00,0.04996238
2025-12-17 03:00:00,0.2058499
2025-12-17 04:00:00,0.21204558
2025-12-17 05:00:00,0.08581286
2025-12-17 06:00:00,-0.14706433
2025-12-17 07:00:00,-0.35414544
2025-12-17 08:00:00,-0.50901437
2025-12-17 09:00:00,-0.6338391
2025-12-17 10:00:00,-0.73528045
2025-12-17 11:00:00,-0.796697
2025-12-17 12:00:00,-0.6803716
2025-12-17 13:00:00,-0.2662458
2025-12-17 14:00:00,0.067389645
2025-12-17 15:00:00,0.30872634
2025-12-17 16:00:00,0.42676413
2025-12-17 17:00:00,0.44012725
2025-12-17 18:00:00,0.32667664
2025-12-17 19:00:00,0.08611263
2025-12-17 20:00:00,-0.14455442
2025-12-17 21:00:00,-0.3075795
2025-12-17 22:00:00,-0.42079273
2025-12-17 23:00:00,-0.516216
2025-12-18 00:00:00,-0.5875659
2025-12-18 01:00:00,-0.54057443
2025-12-18 02:00:00,-0.19185302
2025-12-18 03:00:00,0.11831772
2025-12-18 04:00:00,0.2506788
2025-12-18 05:00:00,0.22526038
2025-12-18 06:00:00,0.055154588
2025-12-18 07:00:00,-0.2053098
2025-12-18 08:00:00,-0.40197384
2025-12-18 09:00:00,-0.5478504
2025-12-18 10:00:00,-0.6627815
2025-12-18 11:00:00,-0.7599555
2025-12-18 12:00:00,-0.80205536
2025-12-18 13:00:00,-0.56152743
2025-12-18 14:00:00,-0.1276911
2025-12-18 15:00:00,0.19857329
2025-12-18 16:00:00,0.43076152
2025-12-18 17:00:00,0.5258482
2025-12-18 18:00:00,0.5067494
2025-12-18 19:00:00,0.32019243
2025-12-18 20:00:00,0.03184541
2025-12-18 21:00:00,-0.18017395
2025-12-18 22:00:00,-0.3260895
2025-12-18 23:00:00,-0.4319022
2025-12-19 00:00:00,-0.52790815
2025-12-19 01:00:00,-0.5853908
2025-12-19 02:00:00,-0.4185356
2025-12-19 03:00:00,0.003976603
2025-12-19 04:00:00,0.26833603
2025-12-19 05:00:00,0.34590614
2025-12-19 06:00:00,0.2602649
2025-12-19 07:00:00,0.016407108
2025-12-19 08:00:00,-0.24634475
2025-12-19 09:00:00,-0.42161044
2025-12-19 10:00:00,-0.556156
2025-12-19 11:00:00,-0.6668109
2025-12-19 12:00:00,-0.75905466
2025-12-19 13:00:00,-0.75315195
2025-12-19 14:00:00,-0.38329136
2025-12-19 15:00:00,0.04555997
2025-12-19 16:00:00,0.37027404
2025-12-19 17:00:00,0.56806165
2025-12-19 18:00:00,0.6300226
2025-12-19 19:00:00,0.5312608
2025-12-19 20:00:00,0.25532848
2025-12-19 21:00:00,-0.02355485
2025-12-19 22:00:00,-0.21110325
2025-12-19 23:00:00,-0.3394182
2025-12-20 00:00:00,-0.44548306
2025-12-20 01:00:00,-0.53793037
2025-12-20 02:00:00,-0.55508536
2025-12-20 03:00:00,-0.22878532
2025-12-20 04:00:00,0.17299192
2025-12-20 05:00:00,0.36918807
2025-12-20 06:00:00,0.38084808
2025-12-20 07:00:00,0.21346751
2025-12-20 08:00:00,-0.08287979
2025-12-20 09:00:00,-0.3088933
2025-12-20 10:00:00,-0.4651775
2025-12-20 11:00:00,-0.5906826
2025-12-20 12:00:00,-0.6959592
2025-12-20 13:00:00,-0.7751055
2025-12-20 14:00:00,-0.6713944
2025-12-20 15:00:00,-0.21531333
2025-12-20 16:00:00,0.18896054
2025-12-20 17:00:00,0.4911818
2025-12-20 18:00:00,0.6512267
